序号,链接,节点数
0,https://clashgithub.com/wp-content/uploads/rss/20260730.yml,532
1,https://clashstair.cczzuu.top/node/20260730.yaml,21
2,https://free.datiya.com/uploads/20260730-clash.yaml,0
3,https://jichangx.com/nodes/v2ray-20260730-01,10
4,https://jichangx.com/nodes/v2ray-20260730-02,1132
5,https://mm.mibei77.com/202607/0730Clashikw.yaml,197
6,https://node.clashnode.cc/uploads/2026/07/0-20260730.yaml,313
7,https://node.clashnode.cc/uploads/2026/07/1-20260730.yaml,212
8,https://node.clashnode.cc/uploads/2026/07/2-20260730.yaml,0
9,https://node.clashnode.cc/uploads/2026/07/3-20260730.yaml,24
10,https://node.clashnode.cc/uploads/2026/07/4-20260730.yaml,492
11,https://node.freeclashnode.com/uploads/2026/07/0-20260730.yaml,313
12,https://node.freeclashnode.com/uploads/2026/07/1-20260730.yaml,212
13,https://node.freeclashnode.com/uploads/2026/07/2-20260730.yaml,0
14,https://node.freeclashnode.com/uploads/2026/07/3-20260730.yaml,24
15,https://node.freeclashnode.com/uploads/2026/07/4-20260730.yaml,492
16,https://node.freev2raynode.com/uploads/2026/07/0-20260730.yaml,313
17,https://node.freev2raynode.com/uploads/2026/07/1-20260730.yaml,212
18,https://node.freev2raynode.com/uploads/2026/07/2-20260730.yaml,0
19,https://node.freev2raynode.com/uploads/2026/07/3-20260730.yaml,24
20,https://node.freev2raynode.com/uploads/2026/07/4-20260730.yaml,492
21,https://nodefree.org/dy/2026/07/20260730.yaml,0
22,https://oss.oneclash.cc/2026/7/20260728.yaml,0
23,https://raw.githubusercontent.com/free-nodes/clashfree/main/clash20260730.yml,1165
24,https://sfdr.zaixianyouxi.dpdns.org/uploads/2026/7/20260730.yaml,219
25,https://stairnode.cczzuu.top/node/20260730.yaml,21
26,https://static.v2rayshare.net/2026/07/20260730.yaml,24
27,https://v2clash.blog/Link/20260730-clash.yaml,212
28,https://wanzhuanmi.cczzuu.top/node/20260730.yaml,21
29,https://cdn.jsdelivr.net/gh/vxiaov/free_proxies@main/clash/clash.provider.yaml,28
30,https://fn03.fn0618.xyz/nodes/08e1edaa7ae7ab4f5a63132660fc9c36,31
31,https://fn03.fn0618.xyz/nodes/16c90d836d3bac477bd4ccc082fb677f,31
32,https://fn03.fn0618.xyz/nodes/187553ea826f1a0c43e91367d88cd9e8,31
33,https://fn03.fn0618.xyz/nodes/18842c95371f7bfb11c36ae707eade42,31
34,https://fn03.fn0618.xyz/nodes/320c3207653a695b12a6ebdc929e2671,31
35,https://fn03.fn0618.xyz/nodes/3bff140501d18eedb99e248b7693e433,31
36,https://fn03.fn0618.xyz/nodes/40e68f0f2341fc4c5bc838d9099d5238,31
37,https://fn03.fn0618.xyz/nodes/67e3125e35d388fa67b1470da4b71c2c,31
38,https://fn03.fn0618.xyz/nodes/68bd2f629a859055a7c00b1e3c1b780d,31
39,https://fn03.fn0618.xyz/nodes/86d370bceab83e40410a71cf6cb7b0e6,31
40,https://fn03.fn0618.xyz/nodes/916a0a43dd4317a2cac77bd84accafd0,31
41,https://fn03.fn0618.xyz/nodes/a3acf0981368ce2d0f39143bcf6ad5d6,31
42,https://fn03.fn0618.xyz/nodes/a8add0c1ef13f9acf19946b38c1a2243,31
43,https://fn03.fn0618.xyz/nodes/aaa055310ade7062e0fee9d4dcdea8ff,31
44,https://fn03.fn0618.xyz/nodes/c53e802bafc369943cc140daf300c312,31
45,https://fn03.fn0618.xyz/nodes/d55dba89728a016c588be73217a70d1c,31
46,https://fn03.fn0618.xyz/nodes/da87423ec2131eac922e736add09f31c,31
47,https://freenode.openrunner.net/uploads/20240807-clash.yaml,0
48,https://gh-proxy.com/raw.githubusercontent.com/ssrsub/ssr/master/clash.yaml,70
49,https://gh-proxy.org/https://github.com/xituimao/spider-clash/blob/main/output/clash_all.yaml,56
50,https://ghfast.top/https://raw.githubusercontent.com/free18/v2ray/refs/heads/main/c.yaml,213
51,https://ghproxy.cfd/https://raw.githubusercontent.com/peasoft/NoMoreWalls/master/list.meta.yml,0
52,https://gist.githubusercontent.com/peasoft/40b87245630092f30cc98af61190b4e2/raw/,10
53,https://nodebuf.com/files/public/cms6qzg140ar5qb5wivnv3m8l/download,22
54,https://pai.yt/clash,0
55,https://raw.githubusercontent.com/Barabama/FreeNodes/main/nodes/blues.yaml,60
56,https://raw.githubusercontent.com/Barabama/FreeNodes/main/nodes/ndnode.yaml,14
57,https://raw.githubusercontent.com/Barabama/FreeNodes/main/nodes/yudou66.yaml,163
58,https://raw.githubusercontent.com/Huibq/TrojanLinks/master/links/vmess,0
59,https://raw.githubusercontent.com/Jsnzkpg/Jsnzkpg/Jsnzkpg/Jsnzkpg,0
60,https://raw.githubusercontent.com/Misaka-blog/chromego_merge/main/sub/merged_proxies_new.yaml,46
61,https://raw.githubusercontent.com/MrMohebi/xray-proxy-grabber-telegram/master/collected-proxies/clash-meta/all.yaml,0
62,https://raw.githubusercontent.com/NiceVPN123/NiceVPN/main/Clash.yaml,0
63,https://raw.githubusercontent.com/PuddinCat/BestClash/main/proxies.yaml,16
64,https://raw.githubusercontent.com/Surfboardv2ray/TGParse/main/python/hy2,2
65,https://raw.githubusercontent.com/Surfboardv2ray/TGParse/main/python/hysteria2,57
66,https://raw.githubusercontent.com/aiboboxx/clashfree/main/clash.yml,0
67,https://raw.githubusercontent.com/anaer/Sub/main/clash.yaml,2392
68,https://raw.githubusercontent.com/awesome-vpn/awesome-vpn/master/clash.yaml,178
69,https://raw.githubusercontent.com/chengaopan/AutoMergePublicNodes/master/list.yml,15
70,https://raw.githubusercontent.com/ermaozi/get_subscribe/main/subscribe/clash.yml,22
71,https://raw.githubusercontent.com/ermaozi01/free_clash_vpn/main/subscribe/clash.yml,18
72,https://raw.githubusercontent.com/hello-world-1989/cn-news/refs/heads/main/clash.yaml,2
73,https://raw.githubusercontent.com/lagzian/SS-Collector/main/mix_clash.yaml,0
74,https://raw.githubusercontent.com/mahdibland/ShadowsocksAggregator/master/Eternity.yml,201
75,https://raw.githubusercontent.com/mfuu/v2ray/master/clash.yaml,0
76,https://raw.githubusercontent.com/ovmvo/FreeSub/refs/heads/main/sub/permanent/mihomo.yaml,854
77,https://raw.githubusercontent.com/peasoft/NoMoreWalls/master/list.yml,25
78,https://raw.githubusercontent.com/ripaojiedian/freenode/main/clash,14
79,https://raw.githubusercontent.com/ripaojiedian/freenode/main/sub,14
80,https://raw.githubusercontent.com/ronghuaxueleng/get_v2/main/pub/combine.yaml,187
81,https://raw.githubusercontent.com/rrzt/get_subscribe/main/subscribe/clash.yml,22
82,https://raw.githubusercontent.com/rrzt/spider-clash/main/output/clash_all.yaml,80
83,https://raw.githubusercontent.com/shaoyouvip/free/refs/heads/main/all.yaml,8
84,https://raw.githubusercontent.com/ts-sf/fly/main/clash,159
85,https://raw.githubusercontent.com/yafeisun/v2raynode/refs/heads/main/result/nodetotal.txt,1589
86,https://raw.githubusercontent.com/yafeisun/v2raynode/refs/heads/main/result/v2rayse.txt,2
87,https://raw.githubusercontent.com/yaney01/Yaney01/main/temporary,38
88,https://raw.githubusercontent.com/yebekhe/TelegramV2rayCollector/main/sub/base64/mix,0
89,https://raw.githubusercontent.com/zhangkaiitugithub/passcro/main/speednodes.yaml,157
90,https://raw.githubusercontent.com/zhangkaiitugithub/passcro/main/speednodes.yaml,155
91,https://rbbA2s.absslk.xyz/da43e56d02340cdfe1b1d33231b99024,0
92,https://tt.vg/freeclash,0
93,https://www.xrayvip.com/free.yaml,0

总计,,3072
